patient,feature,perm_mean,perm_std,perm_rank,gain_norm
Pt1,mean,-0.0006753812636165257,0.004859120473882579,21,0.0051532077628129195
Pt1,std,-0.010936819172113244,0.011802891309685894,43,0.19024049975377694
Pt1,rms,-0.007908496732026093,0.010781034249715889,36,0.062141548172630595
Pt1,ptp,0.17644880174291946,0.023281331588006823,1,0.4564871125455061
Pt1,max_abs,-0.007407407407407374,0.006928995160692468,34,0.012603604047681407
Pt1,median_abs,-0.00235294117647058,0.0028817526385684347,26,0.006556723937879882
Pt1,abs_q75,-0.0062309368191720395,0.003859592573033289,33,0.005629082232007015
Pt1,abs_q90,-0.005555555555555513,0.004536092116265111,31,0.0023615842951319574
Pt1,abs_q95,-0.004379084967320224,0.00857192581069631,28,0.014324790281116993
Pt1,abs_q99,-0.009259259259259212,0.010208546833349852,41,0.0527352273687883
Pt1,mad,0.0,0.0,16,4.2545265175416436e-05
Pt1,skew,0.0035294117647059363,0.002881752638568489,6,0.010287182866376693
Pt1,kurtosis,0.004705882352941249,0.002352941176470624,4,0.003702064674956619
Pt1,line_length,-0.0035294117647058478,0.00599884648657976,27,0.012879809952127735
Pt1,mean_abs_diff,0.0011764705882353343,0.004401949866792904,7,0.004552868319119051
Pt1,std_diff,0.005882352941176561,0.0,2,0.001197492266421236
Pt1,max_abs_diff,-0.00117647058823529,0.00235294117647058,22,0.00391885185770072
Pt1,zero_cross_rate,0.004705882352941249,0.0023529411764706245,5,0.001644220856552798
Pt1,hjorth_mobility,-0.00925925925925919,0.0,38,0.0030095897693945524
Pt1,hjorth_complexity,-0.00925925925925919,0.0,39,0.0031083442033796767
Pt1,peaks_gt_0.1max,-0.004880174291938944,0.009924315239792057,29,0.02699813905898062
Pt1,peaks_gt_0.2max,0.0,0.0,10,0.0005845500320203273
Pt1,peaks_gt_0.3max,-0.005555555555555513,0.004536092116265111,30,0.0027701724778034812
Pt1,peaks_gt_0.5max,0.0011764705882353122,0.0023529411764706245,8,0.0020330209784873796
Pt1,autocorr_1,-0.010435729847494479,0.00235294117647058,42,0.005808412492209722
Pt1,autocorr_5,-0.00925925925925919,0.0,40,0.0034390741034061654
Pt1,autocorr_10,-0.001350762527233007,0.002701525054466181,24,0.009758751923690752
Pt1,autocorr_20,0.0,0.0,11,0.002065644576299654
Pt1,autocorr_50,-0.0023529411764705577,0.004561968731506143,25,0.013841864982463916
Pt1,autocorr_100,-0.008583877995642641,0.004859120473882549,37,0.011356195259977414
Pt1,spectral_entropy,-0.00588235294117645,0.0,32,0.004459154229590057
Pt1,spectral_centroid,0.0,0.0,15,0.0022420806642902773
Pt1,median_freq,0.0,0.0,13,0.00036503008875080664
Pt1,dominant_freq,0.005882352941176561,0.0,3,0.005984210187307051
Pt1,bandpower_16_40,0.0,0.0,14,0.005326075121281202
Pt1,bandpower_40_80,0.0,0.0,17,0.0056030681231637285
Pt1,bandpower_80_125,-0.00117647058823529,0.00235294117647058,23,0.005951740237900507
Pt1,bandpower_125_250,0.0,0.0,12,0.004288743199668894
Pt1,bandpower_250_500,0.0,0.0,19,0.01283484984985357
Pt1,hf_lf_ratio,0.0,0.0,18,0.0024425415025438172
Pt1,veryhf_ratio,0.0011764705882353122,0.0023529411764706245,9,0.011920280532213832
Pt1,teager_mean_abs,-0.007407407407407374,0.0069289951606924674,35,0.003799718837612647
Pt1,teager_std,0.0,0.0,20,0.003550331111947566
Pt2,mean,0.0038461538461538767,0.004710557197659996,16,0.0024062797983071056
Pt2,std,0.006623931623931667,0.005629034133469901,8,0.07221408007579762
Pt2,rms,0.0038461538461538767,0.004710557197659996,14,0.04638584289077561
Pt2,ptp,0.10363247863247868,0.017555210176447608,1,0.5670940132309358
Pt2,max_abs,0.009615384615384692,0.0,4,0.008642357490575993
Pt2,median_abs,0.0,0.0,32,0.00554267990123995
Pt2,abs_q75,0.0,0.0,21,0.0073654710401872235
Pt2,abs_q90,0.0,0.0,20,0.0012083307272609067
Pt2,abs_q95,0.0038461538461538767,0.004710557197659996,12,0.018083981519079185
Pt2,abs_q99,0.004700854700854728,0.005913825856024838,11,0.11244629080259654
Pt2,mad,0.0,0.0,23,0.0
Pt2,skew,0.009615384615384692,0.0,3,0.00459752716064285
Pt2,kurtosis,0.0,0.0,22,0.0005341670064565501
Pt2,line_length,0.0057692307692308155,0.004710557197659996,10,0.005220419140742973
Pt2,mean_abs_diff,0.0057692307692308155,0.004710557197659996,9,0.011390292731250591
Pt2,std_diff,0.0,0.0,19,0.0002860093376016212
Pt2,max_abs_diff,0.0038461538461538767,0.004710557197659996,15,0.006378909678848365
Pt2,zero_cross_rate,0.0,0.0,24,0.00010409249407639832
Pt2,hjorth_mobility,0.0,0.0,31,0.0036392388344592365
Pt2,hjorth_complexity,0.0,0.0,30,0.001750765472555332
Pt2,peaks_gt_0.1max,0.0008547008547008739,0.007506054730876207,18,0.02713983318027403
Pt2,peaks_gt_0.2max,0.0,0.0,27,0.00039857074677251183
Pt2,peaks_gt_0.3max,0.0,0.0,26,0.0012859411444541878
Pt2,peaks_gt_0.5max,0.0,0.0,25,9.481373772977057e-05
Pt2,autocorr_1,0.0,0.0,29,0.005202663244219503
Pt2,autocorr_5,0.0,0.0,28,0.0020669373977532774
Pt2,autocorr_10,0.0076923076923077535,0.0038461538461538767,7,0.006086312735707772
Pt2,autocorr_20,0.0038461538461538767,0.004710557197659996,13,0.004984627562743799
Pt2,autocorr_50,0.00277777777777779,0.005555555555555581,17,0.00694532193229466
Pt2,autocorr_100,0.0,0.0,35,0.004337741165894486
Pt2,spectral_entropy,0.0,0.0,34,0.00016592991831132113
Pt2,spectral_centroid,0.0,0.0,33,0.0008924801855837095
Pt2,median_freq,0.0,0.0,36,0.000690069223043954
Pt2,dominant_freq,0.0,0.0,40,0.008160199820655514
Pt2,bandpower_16_40,0.0,0.0,38,0.0014392201383761594
Pt2,bandpower_40_80,0.0,0.0,37,0.004840322284993156
Pt2,bandpower_80_125,0.0,0.0,39,0.00932055943306135
Pt2,bandpower_125_250,0.01388888888888895,0.0,2,0.01521876944465506
Pt2,bandpower_250_500,0.00833333333333337,0.006804138174397747,5,0.011779530884773818
Pt2,hf_lf_ratio,0.0,0.0,41,0.005606437886654444
Pt2,veryhf_ratio,0.00833333333333337,0.006804138174397747,6,0.005163055351260564
Pt2,teager_mean_abs,0.0,0.0,42,0.000621357499301171
Pt2,teager_std,0.0,0.0,43,0.0022685557480959717
Pt3,mean,-0.007462686567164201,0.0,42,0.004064772230224379
Pt3,std,0.018964003511852522,0.003655954839974849,2,0.10305517303090908
Pt3,rms,-0.005970149253731361,0.0029850746268656803,37,0.04818222531231364
Pt3,ptp,0.09244951712028096,0.012800208581989499,1,0.5169000225468146
Pt3,max_abs,0.0,0.0,8,0.00992539917873348
Pt3,median_abs,-0.0014925373134328402,0.0029850746268656803,30,0.005635451107055338
Pt3,abs_q75,0.0,0.0,7,0.008471232763595684
Pt3,abs_q90,-0.0029850746268656803,0.0036559548399749033,32,0.006633019729621124
Pt3,abs_q95,0.01448639157155407,0.0,3,0.027273909685164827
Pt3,abs_q99,0.014486391571554024,0.004719817403236401,4,0.09909360130376424
Pt3,mad,0.0,0.0,6,0.0
Pt3,skew,-0.0014925373134328402,0.0029850746268656803,31,0.005785018523485001
Pt3,kurtosis,0.0,0.0,5,0.001078857162597576
Pt3,line_length,0.0,0.0,10,0.011802414883249469
Pt3,mean_abs_diff,0.0,0.0,9,0.00379249104683975
Pt3,std_diff,0.0,0.0,11,0.0008448802068990544
Pt3,max_abs_diff,0.0,0.0,16,0.007546278327776848
Pt3,zero_cross_rate,0.0,0.0,15,0.0009105332664695334
Pt3,hjorth_mobility,0.0,0.0,14,0.0015374997846352048
Pt3,hjorth_complexity,0.0,0.0,13,0.0013781758275781186
Pt3,peaks_gt_0.1max,-0.020895522388059674,0.0029850746268656357,43,0.03523732900138314
Pt3,peaks_gt_0.2max,0.0,0.0,12,0.00023134796750869544
Pt3,peaks_gt_0.3max,0.0,0.0,21,0.00028559817519987373
Pt3,peaks_gt_0.5max,0.0,0.0,19,0.0
Pt3,autocorr_1,-0.005970149253731361,0.0029850746268656803,39,0.008052857406956486
Pt3,autocorr_5,0.0,0.0,20,0.002457100595427096
Pt3,autocorr_10,0.0,0.0,18,0.0019596271614606116
Pt3,autocorr_20,-0.005970149253731361,0.0029850746268656803,38,0.0018172060227602115
Pt3,autocorr_50,-0.0014925373134328402,0.0029850746268656808,29,0.007536882805784066
Pt3,autocorr_100,-0.0029850746268656803,0.0036559548399749033,33,0.007898368762060052
Pt3,spectral_entropy,-0.005970149253731361,0.0029850746268656803,40,0.002185835366015152
Pt3,spectral_centroid,0.0,0.0,17,0.0006780079262036765
Pt3,median_freq,0.0,0.0,24,0.0008295836836143413
Pt3,dominant_freq,-0.004477611940298521,0.003655954839974903,36,0.004895021766324686
Pt3,bandpower_16_40,0.0,0.0,23,0.00018580585782396745
Pt3,bandpower_40_80,-0.004477611940298521,0.003655954839974903,34,0.006224597279738832
Pt3,bandpower_80_125,0.0,0.0,25,0.010808493968880001
Pt3,bandpower_125_250,-0.0014925373134328402,0.0029850746268656803,28,0.007614161305007484
Pt3,bandpower_250_500,0.0,0.0,22,0.010499011020491446
Pt3,hf_lf_ratio,-0.004477611940298521,0.003655954839974903,35,0.006644510800607637
Pt3,veryhf_ratio,-0.005970149253731361,0.0029850746268656803,41,0.014414236884649722
Pt3,teager_mean_abs,0.0,0.0,27,0.002753751129053409
Pt3,teager_std,0.0,0.0,26,0.0028797091953224833
Pt4,mean,0.0010922839938384056,0.005151189404150787,19,0.006395746820002396
Pt4,std,-0.0006301638425990852,0.004805055097243682,38,0.06573974695986326
Pt4,rms,0.0013513513513513597,0.002702702702702719,15,0.0594929905949323
Pt4,ptp,0.0676375857723008,0.00681353046844257,1,0.5828118449735581
Pt4,max_abs,0.0024436353451897652,0.0035532703987136253,12,0.005082691179217094
Pt4,median_abs,0.0027027027027027193,0.0033101212740313424,11,0.0033134235744059436
Pt4,abs_q75,0.003794986696541125,0.003134485976527129,8,0.003031959104801576
Pt4,abs_q90,-0.0020725388601036342,0.000634582834917924,43,0.006600643781032439
Pt4,abs_q95,0.005664472762918394,0.005601605165367495,6,0.015631791638719264
Pt4,abs_q99,0.0012953367875647714,0.0011585844443004133,16,0.04779113375573385
Pt4,mad,0.0,0.0,28,0.0001430675051731026
Pt4,skew,0.002758717266489308,0.0035070244885614605,9,0.009900886248272723
Pt4,kurtosis,0.0005741492788124969,0.002511360822125014,21,0.003095488798254723
Pt4,line_length,0.006903794986696576,0.0035532703987136253,5,0.019356946953415388
Pt4,mean_abs_diff,0.0013513513513513597,0.002702702702702719,13,0.006115354738914045
Pt4,std_diff,0.0,0.0,23,0.0037956970005241647
Pt4,max_abs_diff,0.0013513513513513597,0.002702702702702719,14,0.0042202025108094
Pt4,zero_cross_rate,0.0,0.0,32,0.0019382018481127028
Pt4,hjorth_mobility,0.0,0.0,31,0.0027838090109311474
Pt4,hjorth_complexity,-0.0012953367875647714,0.00081924291714207,42,0.003490438140185224
Pt4,peaks_gt_0.1max,0.012624282313401559,0.003937339752557747,3,0.021436255837934376
Pt4,peaks_gt_0.2max,0.0,0.0,30,0.0005056012876609403
Pt4,peaks_gt_0.3max,0.0,0.0,29,0.0012847732193982094
Pt4,peaks_gt_0.5max,-0.0007772020725388629,0.000634582834917924,39,0.0012791694567233774
Pt4,autocorr_1,0.0,0.0,27,0.004862177355466185
Pt4,autocorr_5,0.0,0.0,26,0.004739582284652439
Pt4,autocorr_10,0.0,0.0,24,0.00385776896393726
Pt4,autocorr_20,-0.0002590673575129543,0.0009693412919103509,37,0.007976442198050333
Pt4,autocorr_50,0.0010922839938384056,0.002876325351806342,20,0.008882000139256127
Pt4,autocorr_100,0.00805209354432157,0.00081924291714207,4,0.009919543171288474
Pt4,spectral_entropy,0.0,0.0,22,0.002082573556976845
Pt4,spectral_centroid,0.0,0.0,25,0.0018239809991445867
Pt4,median_freq,0.0,0.0,34,0.000860941256358735
Pt4,dominant_freq,0.0012953367875647714,0.00480673828070844,17,0.0074273743367205625
Pt4,bandpower_16_40,-0.0012953367875647714,0.0011585844443004133,41,0.008226783107817175
Pt4,bandpower_40_80,0.0,0.0,36,0.005224681107862107
Pt4,bandpower_80_125,0.0012953367875647714,0.0,18,0.006617097926271282
Pt4,bandpower_125_250,0.0027027027027027193,0.0033101212740313424,10,0.008190671648682446
Pt4,bandpower_250_500,0.013716566307239941,0.005266113817777347,2,0.024383494675462192
Pt4,hf_lf_ratio,0.0,0.0,35,0.0021039093306859545
Pt4,veryhf_ratio,-0.0007772020725388629,0.0010362694300518173,40,0.006968163818835293
Pt4,teager_mean_abs,0.0,0.0,33,0.003574186553244015
Pt4,teager_std,0.004628203332866576,0.002367857920478362,7,0.007040762630712192
Pt5,mean,0.0,0.0,24,0.004431254259197927
Pt5,std,-0.0023809523809523946,0.023987430570964145,27,0.2037890491563549
Pt5,rms,-0.023809523809523836,0.0,39,0.08929596292122212
Pt5,ptp,0.05476190476190477,0.05701871435632401,1,0.4007512251759732
Pt5,max_abs,0.0,0.0,16,0.009502260452463033
Pt5,median_abs,0.0047619047619047675,0.009523809523809535,9,0.005100152546067832
Pt5,abs_q75,0.04761904761904765,0.02129588549999802,2,0.006661334502653192
Pt5,abs_q90,0.0,0.0,15,0.005717799030997817
Pt5,abs_q95,0.030952380952380974,0.021756746288687005,5,0.020868849741414754
Pt5,abs_q99,-0.02142857142857142,0.015338212769910854,38,0.08261829795645975
Pt5,mad,0.0,0.0,10,0.0
Pt5,skew,-0.014285714285714301,0.0116642368703961,35,0.009262293249433591
Pt5,kurtosis,0.0,0.0,11,0.002673255516111279
Pt5,line_length,0.03571428571428574,0.016409581847726475,3,0.010608835295150243
Pt5,mean_abs_diff,0.033333333333333326,0.011664236870396045,4,0.011296077044556088
Pt5,std_diff,-0.023809523809523836,0.0,40,0.0008490392049776918
Pt5,max_abs_diff,-0.023809523809523836,0.0,41,0.007640715644377469
Pt5,zero_cross_rate,-0.0047619047619047675,0.009523809523809535,30,0.0019667164464374593
Pt5,hjorth_mobility,-0.0047619047619047675,0.009523809523809535,29,0.0034613526398793288
Pt5,hjorth_complexity,-0.009523809523809535,0.0116642368703961,32,0.0026066003047887838
Pt5,peaks_gt_0.1max,-0.014285714285714301,0.0116642368703961,34,0.028141888280939206
Pt5,peaks_gt_0.2max,-0.01904761904761907,0.009523809523809535,37,0.0004837175301685954
Pt5,peaks_gt_0.3max,0.0,0.0,23,0.0010416456094260195
Pt5,peaks_gt_0.5max,0.0,0.0,13,0.00043865546412376864
Pt5,autocorr_1,-0.01904761904761907,0.009523809523809535,36,0.006474832676298257
Pt5,autocorr_5,0.0,0.0,17,0.0009661331503800192
Pt5,autocorr_10,-0.009523809523809535,0.0116642368703961,31,0.0036867419197585917
Pt5,autocorr_20,0.0,0.0,12,0.002943512564096936
Pt5,autocorr_50,0.014285714285714301,0.0116642368703961,6,0.0080913244156757
Pt5,autocorr_100,0.0,0.0,18,0.008781685430873577
Pt5,spectral_entropy,0.0,0.0,19,0.0011529418450534536
Pt5,spectral_centroid,0.0,0.0,14,0.001161077283917751
Pt5,median_freq,0.0,0.0,21,0.0013452892720427578
Pt5,dominant_freq,-0.0047619047619047675,0.009523809523809535,28,0.005335167529005066
Pt5,bandpower_16_40,0.0,0.0,22,0.0043773166218200295
Pt5,bandpower_40_80,0.014285714285714301,0.011664236870396099,7,0.004762317272823959
Pt5,bandpower_80_125,0.008333333333333326,0.02246185983823001,8,0.00691203837979105
Pt5,bandpower_125_250,0.0,0.0,25,0.0052974001709758505
Pt5,bandpower_250_500,0.0,0.0,20,0.012000922364563267
Pt5,hf_lf_ratio,-0.009523809523809535,0.0116642368703961,33,0.003326247784526516
Pt5,veryhf_ratio,0.0,0.0,26,0.0051489160463489905
Pt5,teager_mean_abs,-0.023809523809523836,0.0,42,0.002148015336634687
Pt5,teager_std,-0.023809523809523836,0.0,43,0.006881141962239498
Pt6,mean,0.004161979752530876,0.007250591029577889,10,0.005706527261239168
Pt6,std,0.015696475440569957,0.004914836810475008,5,0.20349313865862184
Pt6,rms,-0.0011717285339332584,0.0022033980442077122,37,0.049121977508099136
Pt6,ptp,0.02085676790401201,0.006606936569189914,3,0.014241164595647997
Pt6,max_abs,0.009917510311211065,0.0017764208380565813,6,0.008513634801833703
Pt6,median_abs,-0.0017669666291713737,0.002895382698855418,40,0.010051884319628586
Pt6,abs_q75,0.006744469441319812,0.0019259396484828236,7,0.0021344955487254463
Pt6,abs_q90,-0.0005952380952381153,0.0011904761904762307,34,0.0043650397258213295
Pt6,abs_q95,0.0049775028121484596,0.0040056146186467825,9,0.06080550310607284
Pt6,abs_q99,0.06743532058492685,0.008675459074483114,1,0.44852206766477865
Pt6,mad,0.0,0.0,30,6.720688922084524e-05
Pt6,skew,-0.0005858642669666292,0.0013440906133434466,33,0.0029564224287946016
Pt6,kurtosis,-0.0009889388826396894,0.0016553766702636756,36,0.003745326131954757
Pt6,line_length,0.005155605549306319,0.0028352150473765704,8,0.0032175766049165424
Pt6,mean_abs_diff,0.0033698912635920395,0.0019430862989655558,11,0.0013717660261203422
Pt6,std_diff,0.0015888638920134924,0.0013461646394714718,16,0.0008056250504299137
Pt6,max_abs_diff,0.019056992875890556,0.003832606358331665,4,0.013062276867920023
Pt6,zero_cross_rate,-0.001584176977877827,0.003228926689157486,39,0.003069197390208307
Pt6,hjorth_mobility,0.0,0.0,28,0.00016571670118125908
Pt6,hjorth_complexity,0.0005952380952380931,0.001190476190476186,22,0.004268047279478927
Pt6,peaks_gt_0.1max,0.061651668541432295,0.010410641791514323,2,0.03541248959716695
Pt6,peaks_gt_0.2max,0.0,0.0,31,5.1392418081606524e-05
Pt6,peaks_gt_0.3max,0.0,0.0,32,3.3383159728572974e-05
Pt6,peaks_gt_0.5max,0.0,0.0,27,8.229399069550363e-05
Pt6,autocorr_1,0.0,0.0,29,0.0005491077028687242
Pt6,autocorr_5,0.0005952380952380931,0.001190476190476186,23,0.00142187968524724
Pt6,autocorr_10,0.0011904761904761641,0.002380952380952411,20,0.0025690067555042715
Pt6,autocorr_20,0.0009842519685039353,0.0008803417234251124,21,0.004051178253838826
Pt6,autocorr_50,0.0003890138732658199,0.0010102012552757002,25,0.004701948883782521
Pt6,autocorr_100,0.0027652793400824603,0.004359913545503895,14,0.031873943778729145
Pt6,spectral_entropy,-0.0011904761904762528,0.002380952380952423,38,0.011211514693046164
Pt6,spectral_centroid,0.0011904761904761862,0.0014580296087995056,19,0.0010273304718410009
Pt6,median_freq,0.0,0.0,26,0.0002080695491989454
Pt6,dominant_freq,0.002179415073115809,0.0039373705351919,15,0.004985594165795393
Pt6,bandpower_16_40,0.0015888638920134924,0.0013461646394714718,17,0.006832643739924157
Pt6,bandpower_40_80,-0.0027746531683540353,0.0014554811708383747,41,0.0032488884206229246
Pt6,bandpower_80_125,-0.0009842519685040018,0.007496645537538018,35,0.005472115327058564
Pt6,bandpower_125_250,-0.003983877015373172,0.0,43,0.006906636800444667
Pt6,bandpower_250_500,0.0029761904761904656,0.0,12,0.0085074203698371
Pt6,hf_lf_ratio,-0.0035714285714286476,0.003470804699312708,42,0.0036246896722485025
Pt6,veryhf_ratio,0.0029761904761904656,0.0,13,0.00701539835223925
Pt6,teager_mean_abs,0.0013967004124484372,0.0013434040103752264,18,0.010601899549139997
Pt6,teager_std,0.00040776152980877,0.0017263247918410855,24,0.00992658010226577
Pt7,mean,0.0,0.0,32,0.002948606072241222
Pt7,std,0.023025210084033597,0.019490364354271112,2,0.17482549344774231
Pt7,rms,0.0,0.0,31,0.06282004250090231
Pt7,ptp,0.0746218487394958,0.022974550169951438,1,0.3589797960144241
Pt7,max_abs,0.0,0.0,15,0.005515185096696685
Pt7,median_abs,0.0028571428571428693,0.005714285714285739,12,0.00518837337337889
Pt7,abs_q75,0.0,0.0,14,0.006343144457049442
Pt7,abs_q90,0.0,0.0,13,0.007406041173505656
Pt7,abs_q95,0.02285714285714289,0.006998542122237627,4,0.026381093661777814
Pt7,abs_q99,0.022941176470588263,0.007068820452037989,3,0.18736372739924265
Pt7,mad,0.0,0.0,16,0.0002351328051856207
Pt7,skew,0.005714285714285739,0.006998542122237682,9,0.006270626218195962
Pt7,kurtosis,0.0,0.0,20,0.0015360015441469284
Pt7,line_length,0.0,0.0,19,0.014394325223066077
Pt7,mean_abs_diff,0.0,0.0,18,0.005045652853263308
Pt7,std_diff,0.0,0.0,17,0.00014223611992517917
Pt7,max_abs_diff,0.0028571428571428693,0.010690449676497021,10,0.00894205279234754
Pt7,zero_cross_rate,0.0,0.0,24,0.0014302615403298119
Pt7,hjorth_mobility,0.0,0.0,23,0.0017234581028809815
Pt7,hjorth_complexity,0.0,0.0,21,0.0023943902385843846
Pt7,peaks_gt_0.1max,0.00882352941176472,0.011662218661734843,6,0.029023613084184406
Pt7,peaks_gt_0.2max,0.0,0.0,22,0.0005529929383981262
Pt7,peaks_gt_0.3max,0.0,0.0,26,0.0006891909548601796
Pt7,peaks_gt_0.5max,0.0,0.0,25,0.0003674425030930434
Pt7,autocorr_1,0.014705882352941235,0.0,5,0.005046820844755832
Pt7,autocorr_5,0.0,0.0,28,0.0009076277718551113
Pt7,autocorr_10,0.0,0.0,27,0.0019282584327634843
Pt7,autocorr_20,0.0,0.0,29,0.0025885561278866215
Pt7,autocorr_50,0.0,0.0,30,0.006492066153404893
Pt7,autocorr_100,0.008571428571428608,0.006998542122237681,7,0.009639708674191125
Pt7,spectral_entropy,0.0,0.0,34,0.0014494100546911227
Pt7,spectral_centroid,0.0,0.0,33,0.0009171110135772605
Pt7,median_freq,0.0,0.0,36,0.0010880754959465523
Pt7,dominant_freq,0.0028571428571428693,0.005714285714285739,11,0.005821628922145272
Pt7,bandpower_16_40,0.0,0.0,35,0.0023328122061960026
Pt7,bandpower_40_80,0.0,0.0,37,0.003561231138946102
Pt7,bandpower_80_125,0.005882352941176494,0.00720438159642114,8,0.005794284260376694
Pt7,bandpower_125_250,0.0,0.0,38,0.00782195489398002
Pt7,bandpower_250_500,0.0,0.0,39,0.012369831594697489
Pt7,hf_lf_ratio,0.0,0.0,40,0.005093699556212425
Pt7,veryhf_ratio,0.0,0.0,41,0.011732788655891977
Pt7,teager_mean_abs,0.0,0.0,42,0.0015654253129639955
Pt7,teager_std,0.0,0.0,43,0.003329828774095372
Pt8,mean,0.005555555555555513,0.004536092116265111,12,0.00628857678343435
Pt8,std,0.012962962962962931,0.007407407407407402,10,0.18216645643846843
Pt8,rms,0.0018518518518518378,0.006928995160692432,16,0.11121346594328252
Pt8,ptp,0.08703703703703705,0.02657907424890246,1,0.3617788882622803
Pt8,max_abs,0.0,0.0058560697410525095,29,0.008771654188304156
Pt8,median_abs,0.0037037037037036978,0.009442628728875491,13,0.008662253229456239
Pt8,abs_q75,-0.007407407407407351,0.0037037037037036757,42,0.008890842763001425
Pt8,abs_q90,-0.007407407407407351,0.0037037037037036757,41,0.0066554069250755075
Pt8,abs_q95,-0.0037037037037036757,0.00453609211626511,34,0.029173469189666644
Pt8,abs_q99,0.014814814814814791,0.01111111111111113,9,0.11034999555404112
Pt8,mad,0.0,0.0,31,0.00010020784639812938
Pt8,skew,0.016666666666666653,0.009072184232530289,8,0.009258304236598795
Pt8,kurtosis,0.0,0.0,30,0.0018488273794933557
Pt8,line_length,0.02407407407407407,0.004536092116265164,6,0.014206163017295735
Pt8,mean_abs_diff,0.011111111111111049,0.0037037037037037203,11,0.002551387179126034
Pt8,std_diff,0.0,0.0,20,0.0015338727899307002
Pt8,max_abs_diff,-0.0037037037037036757,0.00453609211626511,33,0.004434979645735314
Pt8,zero_cross_rate,-0.0037037037037036757,0.00453609211626511,32,0.0017100510490950834
Pt8,hjorth_mobility,0.0,0.0,22,0.0025329453519013973
Pt8,hjorth_complexity,-0.005555555555555513,0.004536092116265111,36,0.004762125722187128
Pt8,peaks_gt_0.1max,0.03703703703703702,0.013094570021973083,2,0.02706831404301011
Pt8,peaks_gt_0.2max,0.0,0.0,23,0.00023301795914277553
Pt8,peaks_gt_0.3max,0.0,0.0,24,0.0008520178903858511
Pt8,peaks_gt_0.5max,0.0,0.0,25,0.0011898622222199836
Pt8,autocorr_1,0.02962962962962965,0.0037037037037037203,3,0.007722220153299991
Pt8,autocorr_5,-0.005555555555555513,0.004536092116265111,39,0.0027381566688681725
Pt8,autocorr_10,0.0037037037037036757,0.00453609211626511,15,0.005443844881436557
Pt8,autocorr_20,0.0,0.0,19,0.00308600042759607
Pt8,autocorr_50,-0.0037037037037036978,0.009442628728875491,35,0.01301205751952101
Pt8,autocorr_100,0.01851851851851849,0.005856069741052581,7,0.009387973812039844
Pt8,spectral_entropy,0.0,0.0,18,0.0010663047481223023
Pt8,spectral_centroid,0.0,0.0,21,0.0011361637066273464
Pt8,median_freq,0.0018518518518518378,0.0037037037037036757,17,0.0013657693319643197
Pt8,dominant_freq,0.0037037037037036757,0.00453609211626511,14,0.010041674316018934
Pt8,bandpower_16_40,0.0,0.0,26,0.0035396985966696126
Pt8,bandpower_40_80,0.0,0.0,28,0.003345196046767794
Pt8,bandpower_80_125,-0.007407407407407351,0.0037037037037036757,43,0.0058897648300439065
Pt8,bandpower_125_250,0.0,0.0,27,0.0035038723932436623
Pt8,bandpower_250_500,0.02592592592592593,0.0037037037037037208,5,0.005084147326683023
Pt8,hf_lf_ratio,-0.005555555555555513,0.004536092116265111,40,0.00117787332593563
Pt8,veryhf_ratio,0.02777777777777779,0.0,4,0.006203949930454265
Pt8,teager_mean_abs,-0.005555555555555513,0.004536092116265111,38,0.00297820260616984
Pt8,teager_std,-0.005555555555555513,0.004536092116265111,37,0.007044043769006687
Pt9,mean,0.0,0.0,8,0.0045475383638478705
Pt9,std,-0.01212121212121211,0.006060606060606055,41,0.18468948680857722
Pt9,rms,0.0,0.0,7,0.0855438132046807
Pt9,ptp,0.16731601731601733,0.0419299323354056,1,0.4277337049144134
Pt9,max_abs,0.0,0.0,16,0.010499454563405971
Pt9,median_abs,0.0,0.0,6,0.007172544885496299
Pt9,abs_q75,0.0,0.0,5,0.006510849593497694
Pt9,abs_q90,0.0,0.0,10,0.004748610221037533
Pt9,abs_q95,0.03463203463203461,0.009824074214640873,2,0.027447826465954003
Pt9,abs_q99,-0.015151515151515138,0.0,43,0.0628811708276334
Pt9,mad,0.0,0.0,12,5.104316507223423e-05
Pt9,skew,0.0,0.0,11,0.008465350133185653
Pt9,kurtosis,0.0,0.0,14,0.0016815685770985341
Pt9,line_length,0.027272727272727247,0.017669551196500894,4,0.012387246547137746
Pt9,mean_abs_diff,0.0,0.0,9,0.005216108865443683
Pt9,std_diff,0.0,0.0,13,0.001262742891973114
Pt9,max_abs_diff,-0.01212121212121211,0.006060606060606055,42,0.007145671358822172
Pt9,zero_cross_rate,0.0,0.0,15,0.0014613985320514398
Pt9,hjorth_mobility,0.0,0.0,20,0.005533332124315544
Pt9,hjorth_complexity,0.0,0.0,19,0.002790348980303734
Pt9,peaks_gt_0.1max,0.033333333333333305,0.017669551196500894,3,0.02658928350803382
Pt9,peaks_gt_0.2max,0.0,0.0,22,0.00038178241794698035
Pt9,peaks_gt_0.3max,0.0,0.0,21,0.0010504141292733578
Pt9,peaks_gt_0.5max,0.0,0.0,23,0.0007627012357071602
Pt9,autocorr_1,0.0,0.0,24,0.007347016527760022
Pt9,autocorr_5,0.0,0.0,18,0.0018775511943946055
Pt9,autocorr_10,-0.0030303030303030277,0.006060606060606056,39,0.004320558096112931
Pt9,autocorr_20,0.0,0.0,27,0.00278712634338701
Pt9,autocorr_50,-0.006060606060606055,0.00742269619025205,40,0.012309918233472382
Pt9,autocorr_100,0.0,0.0,26,0.010463579244523666
Pt9,spectral_entropy,0.0,0.0,25,0.004846636979355715
Pt9,spectral_centroid,0.0,0.0,17,0.0010175120663030973
Pt9,median_freq,0.0,0.0,32,0.0008117860890972467
Pt9,dominant_freq,0.0,0.0,31,0.0063522325587909165
Pt9,bandpower_16_40,0.0,0.0,30,0.0027798678614744054
Pt9,bandpower_40_80,0.0,0.0,29,0.004155602984232211
Pt9,bandpower_80_125,0.0,0.0,28,0.00802027402580305
Pt9,bandpower_125_250,0.0,0.0,38,0.005612517920862266
Pt9,bandpower_250_500,0.0,0.0,37,0.011461986459928368
Pt9,hf_lf_ratio,0.0,0.0,36,0.003417259683561211
Pt9,veryhf_ratio,0.0,0.0,33,0.008210471335401832
Pt9,teager_mean_abs,0.0,0.0,34,0.0012394801378914078
Pt9,teager_std,0.0,0.0,35,0.006414629942738357
